NomeCliente,EnderecoCompleto,ValorFatura,NumeroPaginas
Cliente Ficticio 240,"R UNIAO,  1111, FD-COROADO-MANAUS-AM -69080680 ",278.66,14
Cliente Ficticio 276,"R BERNARDO LOPES,   339-PINHEIRO-MACEIO-AL -57057030 ",260.72,14
Cliente Ficticio 312,"R ALBINO BOLDASSO GABRIL,   183-VILA CRUZEIRO-SAO PAULO-SP -04727030 ",215.10,14
Cliente Ficticio 348,"AV SAPOPEMBA,  4309, CASA 01-SAPOPEMBA-SAO PAULO-SP -03374000 ",124.24,14
Cliente Ficticio 384,"R BR DE ANTONINA,   522, APT 66-SAO FRANCISCO-CURITIBA-PR -80530050 ",112.08,14
Cliente Ficticio 420,"R DE MANOEL VICTORINO RELLO DE ARAUJO QU, QD 3, - 69-NC RES BEIJA-FLOR-BAURU-SP -17025660 ",108.29,14
Cliente Ficticio 456,"R ARMANDO COLAFERRI,   390-JARDIM PAULISTA I-JUNDIAI-SP -13208300 ",132.46,14
Cliente Ficticio 492,"R DOIS,     5, QD 1-VINHAIS-SAO LUIS-MA -65071040 ",203.30,14
Cliente Ficticio 500,"R PINTO DA LUZ,    89-VILA IVONE-SAO PAULO-SP -03276110 ",160.04,62
Cliente Ficticio 501,"R JOAO DE SOUSA CARVALHO,   145, FT 2-GUADALUPE-RIO DE JANEIRO-RJ -21670350 ",148.29,64
Cliente Ficticio 502,"R 27,19,QUADRA: 100-SAO JOSE OPERARIO-MANAUS-AM -69086280 ",178.18,64
Cliente Ficticio 503,"AV DR BERNARDINO DE CAMPOS,   562, CJ 707-POMPEIA-SANTOS-SP -11065000 ",121.33,66
Cliente Ficticio 504,"R DR ORLANDO ZAMITI MAMMANA,    92-JARDIM PARAISO-SAO PAULO-SP -02417022 ",126.91,66
Cliente Ficticio 505,"R MARCIAL RIBEIRO MELO,   119-JARDIM GUANABARA-BELO HORIZONTE-MG -31742221 ",198.35,68
Cliente Ficticio 506,"LD DO OLOSSA,    15, RES MARIO MASSAFERA, APT 107-ITAPUA-SALVADOR-BA -41610460 ",92.22,68
Cliente Ficticio 507,"R AURELIA,336,BL 1 AP 22-VILA ROMANA-SAO PAULO-SP -05046000 ",76.21,70
Cliente Ficticio 508,"R REPUBLICA,   136, ED NORMALISTA, APT 501-PARQUE MOSCOSO-VITORIA-ES -29018310 ",108.92,70
Cliente Ficticio 509,"R DR LUIZ DE ALMEIDA,   733-SANTANA-ARACATUBA-SP -16050470 ",201.65,72
Cliente Ficticio 510,"EST DE JACAREPAGUA,  3490, CASA 68, RUA ALDRIN-JACAREPAGUA-RIO DE JANEIRO-RJ -22753211 ",402.01,72
Cliente Ficticio 511,"R DR ROBERTO NORRIS,   235-VILA MARIANA-AMERICANA-SP -13473380 ",219.87,74
Cliente Ficticio 512,"R DO MARISCO,0,QD.83A LT.01 CS 2-JARDIM ATLANTICO-GOIANIA-GO -74343410 ",193.22,74
Cliente Ficticio 513,"AV DJALMA BATISTA,   430, / FUNDOS-NOSSA SENHORA DAS GRACAS-MANAUS-AM -69053000 ",124.69,76
Cliente Ficticio 514,"R PRF ELEVIR DIONYSIO,    54, CASA FUNDOS-FAZENDINHA-CURITIBA-PR -81320090 ",272.53,76
Cliente Ficticio 515,"R GIUSEPPE BIBIENA,    92-JARDIM SANTA EMILIA-SAO PAULO-SP -04183020 ",174.08,78
Cliente Ficticio 516,"R HELIO ARRELARO,   255, CASA 1-JARDIM SANTA BARBARA-GUARULHOS-SP -07191200 ",386.61,78
Cliente Ficticio 517,"AV SAPOPEMBA,   708-VILA REGENTE FEIJO-SAO PAULO-SP -03345000 ",186.00,80
Cliente Ficticio 518,"R PARAIBA,   281-CIDADE INDUSTRIAL-LORENA-SP -12609250 ",52.19,80
Cliente Ficticio 519,"R ISIS,    82, CASA 2-CURICICA-RIO DE JANEIRO-RJ -22780678 ",142.14,82
Cliente Ficticio 520,"R JOAO SCATAMACCHIA,   381, FD-VILA CAMPO GRANDE-SAO PAULO-SP -04455130 ",147.10,82
Cliente Ficticio 521,"R CANARIO,   988, APT 171-MOEMA-SAO PAULO-SP -04521004 ",347.65,84
Cliente Ficticio 522,"R VOLUNTARIOS DA PATRIA,270,APT 610-BOTAFOGO-RIO DE JANEIRO-RJ -22270014 ",292.65,84
Cliente Ficticio 523,"R AUGUSTO DOS ANJOS,  1560-RIO BRANCO-BELO HORIZONTE-MG -31535000 ",151.72,86
Cliente Ficticio 524,"R MATIAS BARBOSA,    56-FLORESTA-BELO HORIZONTE-MG -31015160 ",186.91,86
Cliente Ficticio 525,"R JAMES JOULE,    92, CJ 102-CIDADE MONCOES-SAO PAULO-SP -04576080 ",513.95,88
Cliente Ficticio 528,"R FREDERICO OZANAN,1671-CENTRO-SERTAOZINHO-SP -14160640 ",173.40,14
Cliente Ficticio 550,"R BARTOLOMEU QUADROS,    19-VILA MESQUITA-SAO PAULO-SP -03714000 ",141.20,88
Cliente Ficticio 564,"R MARIA ROSA ALVES LEITE,  2861, APT 11-JARDIM INTEGRACAO-FRANCA-SP -14405390 ",116.53,14
Cliente Ficticio 565,"R MIN RIBEIRO DA COSTA,   438-DOS CASA-SAO BERNARDO DO CAMPO-SP -09840560 ",118.85,14
Cliente Ficticio 566,"R IRINEU VARONI,    96-IPANEMA-ARACATUBA-SP -16052060 ",226.75,16
Cliente Ficticio 567,"R ANGELO TELES,   390, BL A, APT 303-VILA SANTA MARIA DE NAZARETH-ANAPOLIS-GO -75113300 ",50.28,16
Cliente Ficticio 568,"R ITAQUI,   521, CASA 1-CANINDE-SAO PAULO-SP -03029090 ",168.50,18
Cliente Ficticio 588,"R ANIBAL CORDEIRO MELO,    10-SAO FRANCISCO-BELO HORIZONTE-MG -31255270 ",137.43,14
Cliente Ficticio 589,"R FELIPE CARDOSO DE CAMPOS,   454, BL 2, APT 33-VILA CAIUBA-SAO PAULO-SP -05207090 ",283.80,14
Cliente Ficticio 590,"R DAS LARANJEIRAS,83,APT 1104-LARANJEIRAS-RIO DE JANEIRO-RJ -22240000 ",296.58,16
Cliente Ficticio 591,"R GUILHERME IHLENFELDT,  1081, LJ 23-TINGUI-CURITIBA-PR -82620030 ",96.23,16
Cliente Ficticio 592,"AV PRES WILSON,    68, BL A, APT 701-GONZAGA-SANTOS-SP -11065200 ",334.39,18
Cliente Ficticio 600,"R ITAMARACA,   438-ITAGUACU-APARECIDA-SP -12570000 ",102.43,14
Cliente Ficticio 636,"R D DUARTE LEOPOLDO,  1212-CAMBUCI-SAO PAULO-SP -01542000 ",236.58,14
Cliente Ficticio 672,"R DR ROBERTO LEMOS PADUA,221-JARDIM PALMIRA-GUARULHOS-SP -07075011 ",73.17,14
Cliente Ficticio 708,"R DELFIM MOREIRA,549-VILA AMELIA-PINHAIS-PR -83330100 ",166.54,14
Cliente Ficticio 744,"R SAMBAIBA,   154, CASA B-GUARANI-BELO HORIZONTE-MG -31840010 ",172.26,14
Cliente Ficticio 780,"R DAS PALMEIRAS,    42-VILA MOTA-BRAGANCA PAULISTA-SP -12903280 ",149.96,14
Cliente Ficticio 816,"R FRANCISCO LEMOS DE ALMEIDA, QD 11, - 49-VILA BECHELI-BAURU-SP -17064160 ",215.88,14
Cliente Ficticio 852,"R PAULO CHAD,    58-SANTA RITA.-APARECIDA-SP -12570000 ",115.51,14
Cliente Ficticio 888,"SHIN, QD QI04, CJ 10, CASA 23-LAGO NORTE-BRASILIA-DF -71510300 ",196.39,14
Cliente Ficticio 924,"R GUARUVA,   441-CIDADE DUTRA-SAO PAULO-SP -04807030 ",95.10,14
Cliente Ficticio 960,"R BRASILIO MACHADO,   350-VILA PRINCIPE DE GALES-SANTO ANDRE-SP -09060700 ",136.25,14
Cliente Ficticio 996,"R IVAI,   169-ALTO BOQUEIRAO-CURITIBA-PR -81770460 ",125.52,14
Cliente Ficticio 1032,"R ARTUR BERNARDES,31,COB 01-CATETE-RIO DE JANEIRO-RJ -22220070 ",280.68,14
Cliente Ficticio 1068,"R GUIMARAES ROSA,203,903-BARRA DA TIJUCA-RIO DE JANEIRO-RJ -22793912 ",361.64,14
Cliente Ficticio 1104,"QNP, QD 32, CJ U, LT 31A-CEILANDIA-BRASILIA-DF -72236221 ",127.76,14
Cliente Ficticio 1140,"R ABILIO COELHO RODRIGUES,   130-JD O L CAMARGO-RIBEIRAO PRETO-SP -14066458 ",76.40,14
Cliente Ficticio 1176,"R JOAO PAULO GOMES,139-RESIDENCIAL MONSENHOR ROMEU TO-SAO CARLOS-SP -13562501 ",211.83,14
Cliente Ficticio 1212,"R FR ZACARIAS,   468-BRAUNAS-BELO HORIZONTE-MG -31365700 ",53.62,14
Cliente Ficticio 1248,"R ISAAC JULIO BARRETO,   205, CS 1-PONTE ALTA-APARECIDA-SP -12570000 ",241.03,14
Cliente Ficticio 1284,"R COLONIA LEOPOLDINA,   487, BL 3, APT 2-VILA SILVIA-SAO PAULO-SP -03821020 ",237.01,14
Cliente Ficticio 1320,"R OLAVO BILAC,   419, BL C, APT 32-JARDIM OLAVO BILAC-SAO BERNARDO DO CAMPO-SP -09725570 ",199.79,14
Cliente Ficticio 1356,"R PASSOS,    73-VILA OLINDA-EMBU DAS ARTES-SP -06810340 ",119.90,14
Cliente Ficticio 1392,"R C 143,1,CASA-JARDIM AMERICA-GOIANIA-GO -74250100 ",62.64,14
Cliente Ficticio 1428,"QNM, QD 18, CJ F, CASA 38, FD-CEILANDIA-BRASILIA-DF -72210186 ",232.02,14
Cliente Ficticio 1464,"R ANNA PIETRO FORTE, QD 3, - 111-RESIDENCIAL VILLAGGIO-BAURU-SP -17018820 ",230.34,14
Cliente Ficticio 1500,"R NUNES BALBOA,454,SOBRADO-VILA CARRAO-SAO PAULO-SP -03446010 ",62.86,14
Cliente Ficticio 1536,"R DAS PALMEIRAS,   302, BL B, APT 1006-GOPOUVA-GUARULHOS-SP -07022000 ",129.76,14
Cliente Ficticio 1572,"R BELO HORIZONTE,  1399, ED SUNSET BOULEVARD, APT 902-CENTRO-LONDRINA-PR -86020061 ",227.01,14
Cliente Ficticio 1608,"R FRANCISCO ALVES QUADRA, QD 12, - 45-PARQUE UNIAO-BAURU-SP -17063250 ",360.79,14
Cliente Ficticio 1644,"R DAVID JOSE FURTADO,   215, FU 3-VILA EMIL-MESQUITA-RJ -26580270 ",181.22,14
Cliente Ficticio 1680,"R FR EVARISTO,    64, APT 803-CENTRO-FLORIANOPOLIS-SC -88015410 ",403.24,14
Cliente Ficticio 1716,"R BALTAR,   428, CASA 2-VILA CALIFORNIA-SAO PAULO-SP -03209000 ",195.70,14
Cliente Ficticio 1752,"R ARNALDO CINTRA,   190, BL B, APT 33-VILA MOREIRA-SAO PAULO-SP -03088000 ",85.43,14
Cliente Ficticio 1788,"R 40 ( CJ C BRANCO),    19-PARQUE 10 DE NOVEMBRO-MANAUS-AM -69055580 ",77.66,14
Cliente Ficticio 1824,"R BENTO BARBOSA,    42-CH STO ANTONIO (Z SUL)-SAO PAULO-SP -04716020 ",269.54,14
Cliente Ficticio 1860,"QUADRA 29,0,LOT 5 APT 1 FD-SETOR OESTE (GAMA)-BRASILIA-DF -72420290 ",17.99,14
Cliente Ficticio 1896,"R ALFEU GUILHEMATTI,   303, CASA 2 MARINALVA-VILA SAO SEBASTIAO-MOGI DAS CRUZES-SP -08737330 ",76.65,14
Cliente Ficticio 1932,"R EVARISTO DA VEIGA,   240-CAMPO GRANDE-SANTOS-SP -11075661 ",120.38,14
Cliente Ficticio 1968,"R CABUCU,    76, APT 407-LINS DE VASCONCELOS-RIO DE JANEIRO-RJ -20710300 ",143.72,14
Cliente Ficticio 2004,"R BENTO VIANA,   575, BL B, APT 18-AGUA VERDE-CURITIBA-PR -80240110 ",133.22,14
Cliente Ficticio 2040,"R JOSE CLEMENTE PEREIRA,50,AP 24-CAMPO GRANDE-SANTOS-SP -11070320 ",180.03,14
Cliente Ficticio 2076,"AV AMERICA,    94, APT 42-FLORESTA-PORTO ALEGRE-RS -90440020 ",198.35,14
Cliente Ficticio 2112,"AV SATURNINO RANGEL MAURO,   333, / A-PRAIA DE ITAPARICA-VILA VELHA-ES -29102035 ",157.58,14
Cliente Ficticio 2148,"R DRAUZIO DA CRUZ,511-MACUCO-SANTOS-SP -11015225 ",176.57,14
Cliente Ficticio 2184,"R MARIA CAROLINA,   525, ED ATLANTICO PRINCE, APT 1301-BOA VIAGEM-RECIFE-PE -51020220 ",252.19,14
Cliente Ficticio 2220,"R MEXICO,   173-JARDIM CASQUEIRO-CUBATAO-SP -11533230 ",219.31,14
Cliente Ficticio 2256,"R ALEXANDRE MATTAR,   108-JARDIM SANTA ROSA-JAU-SP -17209560 ",90.19,14
Cliente Ficticio 2292,"R TEODORO DA SILVA,   546, APT 202-VILA ISABEL-RIO DE JANEIRO-RJ -20560005 ",297.05,14
Cliente Ficticio 2328,"R DOS VEREADORES,310,ED P D FORTE AP404-JOCKEY CLUB-LAURO DE FREITAS-BA -42700000 ",350.49,14
Cliente Ficticio 2364,"R JOAQUIM NABUCO,   212, APT 303-IPANEMA-RIO DE JANEIRO-RJ -22080060 ",437.52,14
Cliente Ficticio 2400,"R MOGI DAS CRUZES,    14-GOPOUVA-GUARULHOS-SP -07022010 ",210.22,14
Cliente Ficticio 2436,"R JOAO ANTONIO VASCONCELOS,   326,   SN-AMIZADE-ARACATUBA-SP -16074320 ",23.53,14
Cliente Ficticio 2472,"R CAP JOAO ZALESKI,  1764, CASA 5-LINDOIA-CURITIBA-PR -81010080 ",159.82,14
Cliente Ficticio 2508,"AV A, QD 04, LT 04-VILA LUCY-GOIANIA-GO -74320020 ",197.10,14
Cliente Ficticio 2544,"EST DA CAPUAVA,  2451, CASA 17-JARDIM SAO VICENTE-COTIA-SP -06713630 ",43.61,14
Cliente Ficticio 2580,"R DOS ANGICOS,4613-PARQUE DOS PINHAIS-FRANCA-SP -14405631 ",234.53,14
Cliente Ficticio 2616,"AV SOROCABA,   858, CASA 1-PARQUE JOAO RAMALHO-SANTO ANDRE-SP -09290260 ",95.04,14
Cliente Ficticio 2652,"AV AFFONSO PENNA,   589, CASA CASA-ESTUARIO-SANTOS-SP -11020003 ",69.79,14
Cliente Ficticio 2688,"R LARANJEIRAS,257-JARDIM SCYNTILA-GUARULHOS-SP -07194360 ",177.48,14
Cliente Ficticio 2724,"R CAP VENCESLAU JAPIASSU ARAGAO,98,CASA4-VILA EMA-SAO PAULO-SP -03278070 ",184.79,14
Cliente Ficticio 2760,"R LUIZ BELTRAO,   509, APT 301-VILA VALQUEIRE-RIO DE JANEIRO-RJ -21321232 ",197.77,14
Cliente Ficticio 2796,"R HEITOR DOS PRAZERES,   275-FERREIRA-SAO PAULO-SP -05522000 ",172.71,14
Cliente Ficticio 2832,"AV PST MIRANDA PINTO,   437-IRAJA-RIO DE JANEIRO-RJ -21220380 ",211.83,18
Cliente Ficticio 2868,"TV LEANDRO ROSA,    20-JACUTINGA-MESQUITA-RJ -26564130 ",104.89,18
Cliente Ficticio 2904,"AV INCONFIDENCIA MINEIRA,  2010, BL 1, APT 103-VILA ANTONIETA-SAO PAULO-SP -03476010 ",171.08,18
Cliente Ficticio 2940,"R SERRA DO JAPI,   313, APT 73-VILA GOMES CARDIM-SAO PAULO-SP -03309000 ",49.89,18
Cliente Ficticio 2976,"R WENCESLAU SARNACKI,   244-MOSSUNGUE-CURITIBA-PR -81210020 ",245.15,18
Cliente Ficticio 3012,"R ITAPICURU-MIRIM,46-JARDIM MANGALOT-SAO PAULO-SP -05134080 ",304.55,18
Cliente Ficticio 3048,"R ARICANGA,1111,CASA 02-JARDIM SILVA TELES-SAO PAULO-SP -08160000 ",228.44,18
Cliente Ficticio 3084,"R GILBERTO FRANCO SILVA,   350-CANELEIRA-SANTOS-SP -11085590 ",477.60,18
Cliente Ficticio 3120,"R RIO GRANDE DO SUL,   160, CASA 2-CENTRO-MESQUITA-RJ -26553320 ",223.00,18
Cliente Ficticio 3156,"R GARIBALDI,   225, BL 1, APT 702-TIJUCA-RIO DE JANEIRO-RJ -20511330 ",468.04,18
Cliente Ficticio 3192,"PC PRF ANTONIO DE QUEIROZ,    37-JARDIM MERCEDES-LIMEIRA-SP -13480251 ",52.89,18
Cliente Ficticio 3228,"R VITORIA REGIA,   979-CAMPESTRE-SANTO ANDRE-SP -09080320 ",341.15,18
Cliente Ficticio 3264,"R J 59, QD 137, LT 06-SETOR JAO-GOIANIA-GO -74674250 ",300.04,18
Cliente Ficticio 3300,"R HITLER RIBEIRO,    54-RESIDENCIAL ARCO-IRIS-PINDAMONHANGABA-SP -12426140 ",149.37,18
Cliente Ficticio 3336,"R VINTE E TRES DE MAIO,   233-VILA BARAO-SOROCABA-SP -18060670 ",113.97,18
Cliente Ficticio 3408,"R LUIZ BARRETO MURAT,    10-BAIRRO ALTO-CURITIBA-PR -82820160 ",200.39,18
Cliente Ficticio 3444,"AV AGUA VERDE,1575,BL B PT 1702-AGUA VERDE-CURITIBA-PR -80620200 ",270.45,18
Cliente Ficticio 3480,"R ZORAIDA DE BARROS NARDI,   750-JARDIM GUAIBA-SOROCABA-SP -18077120 ",7.61,18
Cliente Ficticio 3516,"R JAQUIRANA,8,BLOCO 17 APTO 402-DEL CASTILHO-RIO DE JANEIRO-RJ -21051170 ",290.70,18
Cliente Ficticio 3552,"R GONCALO DE CARVALHO,    87, APT 202-FLORESTA-PORTO ALEGRE-RS -90035170 ",124.66,18
Cliente Ficticio 3588,"R JOSE DIAS DONADELLI,   455, BL A, APT 41-ALVES DIAS-SAO BERNARDO DO CAMPO-SP -09851180 ",144.63,18
Cliente Ficticio 3624,"AV PRCA D'OESTE,  1072, BL BARLAVENTO, APT 101-JARDIM PARAISO-CAMPINAS-SP -13100040 ",341.99,18
Cliente Ficticio 3660,"R GUAIBE,    44-APARECIDA-SANTOS-SP -11035190 ",88.29,18
Cliente Ficticio 3732,"R ALBERTO RANGEL,    16, FD-COMPENSA-MANAUS-AM -69035366 ",379.84,18
Cliente Ficticio 3804,"R ME CECILIA DO CORACAO DE MARIA,    35-CJ H H PASSARELLI-TAUBATE-SP -12071831 ",9.30,18
Cliente Ficticio 3840,"R PEREIRA VALENTE,   980, ED MONTE CARLO, APT 1001-MEIRELES-FORTALEZA-CE -60160250 ",207.01,18
Cliente Ficticio 3876,"R CANTAGALO,265-JARDIM COLONIAL-SAO JOSE DOS CAMPOS-SP -12234320 ",104.68,18
Cliente Ficticio 3912,"R PRF NELSON ESPINDOLA LOBATO,    21, QD 4-RADIO CLUBE-SANTOS-SP -11088330 ",275.36,18
Cliente Ficticio 3948,"EST STA MARIA,1816,QD 10 CASA 20-CPO GRANDE-RIO DE JANEIRO-RJ -23078110 ",180.50,18
Cliente Ficticio 3984,"R LOURENCO CARMELO,   404-JARDIM PARAISO-BOTUCATU-SP -18610265 ",170.03,18
Cliente Ficticio 4054,"R GUSTAVO GELEY,    15, BL 1, APT 65-FAZENDA ARICANDUVA-SAO PAULO-SP -08275590 ",218.15,14
Cliente Ficticio 4055,"R PORTO TORRES,121-INTERLAGOS-SAO PAULO-SP -04788120 ",492.21,14
Cliente Ficticio 4057,"R SEBASTIAO LARANJEIRAS,21,A-PARQUE PANAMERICANO-SAO PAULO-SP -02992050 ",498.44,14
Cliente Ficticio 4058,"AV RICARDO MEDINA FILHO,   286-VILA IPOJUCA-SAO PAULO-SP -05057100 ",127.03,14
Cliente Ficticio 4059,"R VINA DEL MAR,   418-ASSUNCAO-SAO BERNARDO DO CAMPO-SP -09810710 ",187.90,14
Cliente Ficticio 4060,"R VAHIA DE ABREU,    32, BL RES. BRASIL, APT 32-BOQUEIRAO-SANTOS-SP -11050120 ",290.35,14
Cliente Ficticio 4061,"R CARLOS VON KOSERITZ,   175, APT 504.-SAO JOAO-PORTO ALEGRE-RS -90540031 ",291.71,14
Cliente Ficticio 4062,"NORTE, RUA 24, LT 03, BL B, APT 504-NORTE (AGUAS CLARAS)-BRASILIA-DF -71916750 ",302.60,14
Cliente Ficticio 4063,"R ALCIDES RICARDINI NEVES,    12, APT 1115-CIDADE MONCOES-SAO PAULO-SP -04575050 ",151.50,14
Cliente Ficticio 4064,"R JOSE ANTONIO PEREIRA,  3135, CASA 03-MONTE CASTELO-CAMPO GRANDE-MS -79010190 ",26.90,14
Cliente Ficticio 4065,"R PRFA ASPASIA AYER,    23-DIAMANTE-BELO HORIZONTE-MG -30660340 ",221.75,14
Cliente Ficticio 4066,"R EDUARDO CERQUEIRA,    31-SANTA AMELIA-BELO HORIZONTE-MG -31550270 ",133.22,14
Cliente Ficticio 4067,"R LINCOLN,     7-JARDIM CRUZEIRO-SAO PAULO-SP -04803140 ",343.19,14
Cliente Ficticio 4068,"R MADISON (RES PONTA NEGRA II),    33, QD 21-PONTA NEGRA-MANAUS-AM -69037076 ",489.71,14
Cliente Ficticio 4069,"R GEN ULHOA CINTRA,   119-VILA BANCARIA MUNHOZ-SAO PAULO-SP -02759030 ",213.98,14
Cliente Ficticio 4070,"R PAULO LOPES LEAO,    77-ITAQUERA-SAO PAULO-SP -08210520 ",94.14,14
Cliente Ficticio 4071,"R DA PROCLAMACAO,966-BONSUCESSO-RIO DE JANEIRO-RJ -21040282 ",410.86,14
Cliente Ficticio 4072,"AL ARI BARROSO,    61, APT 815-ILHA PORCHAT-SAO VICENTE-SP -11320400 ",324.06,14
Cliente Ficticio 4073,"R FRANCISCO DIAS,   119-BOSQUE DA SAUDE-SAO PAULO-SP -04148000 ",255.90,14
Cliente Ficticio 4084,"R NELO BERTOLACINE,    34, CASA 2-PARQUE PLANALTO-SAO PAULO-SP -04841180 ",142.51,14
Cliente Ficticio 4085,"R ALBUQUERQUE LINS, QD 4, - 44-VILA FALCAO-BAURU-SP -17050010 ",216.22,14
Cliente Ficticio 4087,"R PAULO NILSON A. DE SOUZA,    44-JARDIM ALTO DA COLINA-ARARAS-SP -13604462 ",166.84,16
Cliente Ficticio 4109,"R JOSE MARQUES PINHEIRO FILHO,   996-VILA HARMONIA-ARARAQUARA-SP -14802480 ",19.41,14
Cliente Ficticio 4110,"R JOSE PINHO MONTEIRO,  1027-JARDIM TARRAF-SAO JOSE DO RIO PRETO-SP -15091440 ",251.57,14
Cliente Ficticio 4111,"R AMERICO PALLIS,   115-OLINDA-UBERABA-MG -38055590 ",275.97,16
Cliente Ficticio 4112,"R GUARAREMA,   254, APT 05-BOSQUE DA SAUDE-SAO PAULO-SP -04136030 ",287.87,16
Cliente Ficticio 4113,"R ALCATIFA,   201, LT 3, CASA 1-CAMPO GRANDE-RIO DE JANEIRO-RJ -23082310 ",89.26,18
Cliente Ficticio 4115,"AV JOAO GONCALVES DOS REIS,   885-VILA NOVA MEDEIROS-JUNDIAI-SP -13212375 ",153.02,20
Cliente Ficticio 4116,"R PRF ALCEU BRANDAO,  2327-MONTE CASTELO-TERESINA-PI -64016740 ",104.61,20
Cliente Ficticio 4117,"R ADAUTO LUCIO CARDOSO,   591-BELVEDERE-BELO HORIZONTE-MG -30320290 ",357.24,22
Cliente Ficticio 4118,"R S JOAQUIM,   552, APT 13-LIBERDADE-SAO PAULO-SP -01508000 ",181.35,22
Cliente Ficticio 4213,"AV JOSE MIGUEL ACKEL,  9999, CASA 38-JARDIM GUILHERMINO-GUARULHOS-SP -07273000 ",35.90,14
Cliente Ficticio 4214,"R DA MARIA ANGELICA VERGUEIRO,    56-PARQUE HIPOLYTO-LIMEIRA-SP -13486558 ",76.73,14
Cliente Ficticio 4215,"R JOSE CARLOS PRAGIDI,   232-JARDIM LUIZ CIA-SUMARE-SP -13175230 ",139.27,16
Cliente Ficticio 4216,"R SANTE MARTIN,   164-NOVA PETROPOLIS-SAO BERNARDO DO CAMPO-SP -09780445 ",334.83,16
Cliente Ficticio 4217,"AV FRANCISCO MASSENA VIEIRA,   152-SANTA TEREZA-PORTO ALEGRE-RS -90850460 ",27.76,18
Cliente Ficticio 4218,"R COLON,   634-GLORIA-JOINVILLE-SC -89216400 ",477.16,18
Cliente Ficticio 4219,"R VSC DO RIO BRANCO,   164, APT 44-CENTRO-SAO VICENTE-SP -11320030 ",301.74,20
Cliente Ficticio 4220,"R SAPOLANDIA,    73-PARQUE PRIMAVERA-GUARULHOS-SP -07145080 ",183.34,20
Cliente Ficticio 4221,"R EMANCIPACAO,    41-SAO CRISTOVAO-RIO DE JANEIRO-RJ -20910080 ",191.88,22
Cliente Ficticio 4223,"R MANOEL BENTO DA CRUZ QUADRA,11,-29-CENTRO-BAURU-SP -17015172 ",159.99,24
Cliente Ficticio 4224,"AV DR FRANCISCO DE PAULA VICENTE DE AZEVEDO,136,CASA-PARQUE CONTINENTAL-SAO PAULO-SP -05325180 ",224.54,24
Cliente Ficticio 4225,"R MARIANA BRONNEMANN,   391, BL UN, APT 304-VELHA-BLUMENAU-SC -89036080 ",85.99,26
Cliente Ficticio 4226,"R FIGUEIRAS,    95, CASA 2-VISTA DA SERRA II-SERRA-ES -29176774 ",224.69,26
Cliente Ficticio 4227,"R PEDRO SPISLA FILHO,    91-SANTA CANDIDA-CURITIBA-PR -82640610 ",140.29,28
Cliente Ficticio 4228,"R DR OSWALDO CRUZ,   382, BL B, APT 22-BOQUEIRAO-SANTOS-SP -11045100 ",148.65,28
Cliente Ficticio 4229,"AV LUCIO COSTA,  2916, APT 1025-BARRA DA TIJUCA-RIO DE JANEIRO-RJ -22620172 ",117.04,30
Cliente Ficticio 4230,"R STA LUIZA DE MARILLAC,   983, APT 24,   B-VL S JOSE-TAUBATE-SP -12070350 ",265.57,30
Cliente Ficticio 4231,"R ALENCAR WALDOMIRO SILVA,     9-JARDIM FLORENCE-CAMPINAS-SP -13059012 ",159.90,32
Cliente Ficticio 4291,"R FELIZARDO,   913, APT 303-JARDIM BOTANICO-PORTO ALEGRE-RS -90690200 ",222.38,14
Cliente Ficticio 4292,"R CATANDUVA,    19, APT 201-COELHO NETO-RIO DE JANEIRO-RJ -21545420 ",258.47,14
Cliente Ficticio 4293,"R AURELIANO TEIXEIRA DE VASCONCELOS,66,APT 502-JATIUCA-MACEIO-AL -57036430 ",37.44,16
Cliente Ficticio 4295,"R BR DE PENEDO,20,APARTAMENTO 92-JOSE MENINO-SANTOS-SP -11065650 ",72.28,18
Cliente Ficticio 4296,"R LEITAO,    83-CENTRO-JACAREI-SP -12327020 ",194.88,18
Cliente Ficticio 4297,"R MARCIONILIA MONTIJO,   137-HORTO-BELO HORIZONTE-MG -31030285 ",321.07,20
Cliente Ficticio 4298,"R JOAQUIM OLIVEIRA FREITAS,  1951-VILA MANGALOT-SAO PAULO-SP -05133004 ",110.70,20
Cliente Ficticio 4299,"NORTE, RUA 33, LT 03, APT 603-NORTE (AGUAS CLARAS)-BRASILIA-DF -71918540 ",315.18,22
Cliente Ficticio 4300,"R ESPIRITO SANTO,372,APTO 6-ACLIMACAO-SAO PAULO-SP -01526020 ",19.33,22
Cliente Ficticio 4301,"R OLIMPIO FRANCISCO PEDREIRO,    85, CASA 03-PERUS-SAO PAULO-SP -05202130 ",142.21,24
Cliente Ficticio 4302,"R TUTOIA,   815, APT 121-VILA MARIANA-SAO PAULO-SP -04007004 ",250.65,24
Cliente Ficticio 4303,"R S LUIZ GONZAGA,   173-GUARANI-NOVO HAMBURGO-RS -93520540 ",16.10,26
Cliente Ficticio 4304,"R RUA HUMBERTO MONTE,1771-BELA VISTA-FORTALEZA-CE -60442611 ",127.93,26
Cliente Ficticio 4305,"R NANCY SILVA CABRAL,   122-PARQUE CONTINENTAL II-GUARULHOS-SP -07084000 ",262.92,28
Cliente Ficticio 4306,"R AMARAL GURGEL,   166, APT 112-VILA BUARQUE-SAO PAULO-SP -01221000 ",221.84,28
Cliente Ficticio 4307,"R SIQUEIRA CAMPOS,143,BL B AP 1205-COPACABANA-RIO DE JANEIRO-RJ -22031900 ",357.97,30
Cliente Ficticio 4309,"R DR VIRGILIO DE CARVALHO PINTO,608-PINHEIROS-SAO PAULO-SP -05415020 ",233.68,32
Cliente Ficticio 4310,"R CAMPOS NOVOS,300,APT 321 BLOCO C-GARCIA-BLUMENAU-SC -89022080 ",204.92,32
Cliente Ficticio 4311,"R NUNES VIEIRA,   256, APT 202-SANTO ANTONIO-BELO HORIZONTE-MG -30350120 ",340.92,34
Cliente Ficticio 4312,"R AMERICO ALVES PEREIRA FILHO,531,AP 202 B-VILA MORUMBI-SAO PAULO-SP -05688902 ",316.70,34
Cliente Ficticio 4313,"R RIO AMAZONAS,   320-JARDIM JOCKEI CLUB A-SAO CARLOS-SP -13565030 ",142.60,36
Cliente Ficticio 4314,"VICENTE PIRES, RUA 12, CH 306, LT 01-TAGUATINGA-BRASILIA-DF -72007695 ",461.16,36
Cliente Ficticio 4315,"R ANGELO PROVINCIALI,   309-JARDIM BICAO-SAO CARLOS-SP -13575702 ",75.00,38
Cliente Ficticio 4316,"Q, QD 12, CJ C, CASA 25, FD-SOBRADINHO-BRASILIA-DF -73010123 ",221.06,38
Cliente Ficticio 4317,"R DR ANTONIO SYLVIO CUNHA BUENO,    11, FT-PARQUE RESIDENCIAL MAYARD-ITU-SP -13311520 ",185.83,40
Cliente Ficticio 4318,"R INAR FIGUEIREDO,   123, CASA 5-ROCHA SOBRINHO-MESQUITA-RJ -26572290 ",1.00,40
Cliente Ficticio 4319,"R LUIZA CHEQUER SANTOS,    23, APT 302-PARAISO-BELO HORIZONTE-MG -30260510 ",245.19,42
Cliente Ficticio 4320,"R MARIA ANGELICA FRANCI,   639-VILA FRANCI-SAO PAULO-SP -03737140 ",723.98,42
Cliente Ficticio 4321,"R FRANCISCO RUFINO,    41, CASA 02-SANTO ANTONIO-VITORIA-ES -29026240 ",102.38,44
Cliente Ficticio 4322,"R GEN JERONIMO FURTADO,369,BL:B  APT:207-HONORIO GURGEL-RIO DE JANEIRO-RJ -21511280 ",164.99,44
Cliente Ficticio 4323,"R DR NAPOLEAO LAUREANO,   759-TUPI-PRAIA GRANDE-SP -11703620 ",277.10,46
Cliente Ficticio 4324,"R AMADOR BUENO,  1282-PIRATININGA-OSASCO-SP -06230100 ",182.63,46
Cliente Ficticio 4325,"SUL, QD 205, LT 05, APT 706-AGUAS CLARAS-BRASILIA-DF -71925000 ",194.26,48
Cliente Ficticio 4326,"R ANTONIO ESCADA,   470-VILA SANTA EDWIGES-LORENA-SP -12604360 ",115.68,48
Cliente Ficticio 4327,"R ABILIO ALVES TEIXEIRA,478,CASA-ALVORADA-SERTAOZINHO-SP -14166120 ",60.46,50
Cliente Ficticio 4328,"EST DO PEDREGOSO,784,RUA A LT 6 QD 1-CAMPO GRANDE-RIO DE JANEIRO-RJ -23078450 ",51.59,50
Cliente Ficticio 4329,"VLA UBATUBA,   145-VILA NATAL-MOGI DAS CRUZES-SP -08795310 ",19.40,52
Cliente Ficticio 4331,"AV DR ANTONIO SEVERIANO,   630-SITIO DO CAMPO-PRAIA GRANDE-SP -11725010 ",235.26,54
Cliente Ficticio 4332,"RUA NS DE FATIMA,82-SAO JORGE-MANAUS-AM -69033440 ",167.78,54
Cliente Ficticio 4333,"R JOAO ALVES,   150-JARDIM MARIA CANDIDA-CACAPAVA-SP -12284130 ",135.79,56
Cliente Ficticio 4334,"R AMPARO,   452-JARDIM NOVO CAMPOS ELISEOS-CAMPINAS-SP -13050580 ",346.05,56
Cliente Ficticio 4335,"R MARIA DE LOURDES KUDRI,127,BL 4 A AP 33-BARREIRINHA-CURITIBA-PR -82700050 ",236.96,58
Cliente Ficticio 4336,"R PERNAMBUCO,   340-PARQUE INDUSTRIAL-ARARAS-SP -13601342 ",141.46,58
Cliente Ficticio 4337,"COND SOLAR DA SERRA,2,QUADRA  14 LOTE 35-SETOR HABITACIONAL JARDIM BOTA-BRASILIA-DF -71680350 ",257.21,60
Cliente Ficticio 4338,"R JAGUAPITA,  1016-BOA VISTA-PONTA GROSSA-PR -84071010 ",123.09,60
Cliente Ficticio 4339,"R AREIA DO ROSARIO,160,CASA A-JARDIM MODELO-SAO PAULO-SP -02261060 ",293.56,62
Cliente Ficticio 4340,"VICENTE PIRES, RUA 05, CH 117, LT 50A-TAGUATINGA-BRASILIA-DF -72006005 ",302.46,62
Cliente Ficticio 4341,"R JOSE MARTINHO DE MOURA BAPTISTA,    13, FD-PENHA DE FRANCA-SAO PAULO-SP -03633100 ",244.26,64
Cliente Ficticio 4342,"R BR DO RIO BRANCO,    75-VILA UNIVERSAL-BARUERI-SP -06407100 ",49.19,64
Cliente Ficticio 4343,"R FORMOSA (PRQ NAÇÕES),   220-FLORES-MANAUS-AM -69028120 ",290.01,66
Cliente Ficticio 4345,"R RIO JURUA (CJ VIEIRALVES),     7,   MARVIC, APT 101-N SRA DAS GRACAS-MANAUS-AM -69053010 ",293.99,68
Cliente Ficticio 4346,"R ANTONIO PEREIRA DE CAMARGO,479-CENTRO-SUMARE-SP -13170030 ",264.78,68
Cliente Ficticio 4347,"R DOIS CORREGOS,   183-VILA BERTIOGA-SAO PAULO-SP -03181020 ",85.67,70
Cliente Ficticio 4348,"R URUMILA,   142-VILA CARBONE-SAO PAULO-SP -02751050 ",176.36,70
Cliente Ficticio 4349,"R GUILHERME FERNANDES,   209, BL 7, APT 108-JARDIM SULACAP-RIO DE JANEIRO-RJ -21741240 ",301.21,72
Cliente Ficticio 4350,"SHCES, QD 1209, BL H, APT 201-CRUZEIRO NOVO-BRASILIA-DF -70658298 ",257.39,72
Cliente Ficticio 4351,"R CAP TELES,26,TV MANUEL GONCA,-CENTRO-MESQUITA-RJ -26551190 ",196.45,74
Cliente Ficticio 4352,"R ALAN KARDEC,    74, APT 607-ENGENHO NOVO-RIO DE JANEIRO-RJ -20710230 ",207.76,74
Cliente Ficticio 4353,"R ARNALDO IRINEU CHECCHIA,417-PARQUE DA FIGUEIRA-CAMPINAS-SP -13040295 ",248.30,76
Cliente Ficticio 4354,"R BARATA RIBEIRO,284,APT 205-BELA VISTA-SAO PAULO-SP -01308000 ",249.60,76
Cliente Ficticio 4355,"R EGITO,   195, CASA 1-TABOAO-DIADEMA-SP -09940100 ",97.76,78
Cliente Ficticio 4356,"R CIDADE DE SAUDADES,   376, CASA 3-SITIO CERCADO-CURITIBA-PR -81910520 ",209.90,78
Cliente Ficticio 4357,"R CASEMIRO JOSE ALVES,    45-BELA VISTA-JUNDIAI-SP -13207720 ",1.76,80
Cliente Ficticio 4358,"R SILVERSTONE,    25-JARDIM JULIA-EMBU DAS ARTES-SP -06820320 ",79.27,80
Cliente Ficticio 4359,"AV DR FRANCISCO MESQUITA,   550, BL 2, APT 114-JARDIM IBITIRAMA-SAO PAULO-SP -03153000 ",140.22,82
Cliente Ficticio 4360,"R PARANAPANEMA,   294, CASA 2-PARANAPANEMA-EMBU DAS ARTES-SP -06826440 ",142.70,82
Cliente Ficticio 4361,"R MATRIZ DE CAMARAGIPE,   441, APT 102-BANGU-RIO DE JANEIRO-RJ -21870370 ",73.68,84
Cliente Ficticio 4362,"R SERRA DE BOTUCATU,1891,D  CASA 4-VILA GOMES CARDIM-SAO PAULO-SP -03317001 ",24.12,84
Cliente Ficticio 4363,"R CONCEICAO DA PEDRA,    60, FD-VILA SANTA LUCIA-SAO PAULO-SP -03891060 ",112.12,86
Cliente Ficticio 4364,"R CEL PANFILO,    73, CASA 2-JARDIM NOVO CARRAO-SAO PAULO-SP -03908050 ",39.88,86
Cliente Ficticio 4365,"R ALVARES MACIEL,   102-ASSUNCAO-SAO BERNARDO DO CAMPO-SP -09850270 ",243.56,88
Cliente Ficticio 4367,"R PACULE,    48-JARDIM JOVAIA-GUARULHOS-SP -07132580 ",189.13,90
Cliente Ficticio 4368,"R CAPIBERIBE,   269, BL - ANA SONIA, APT 413-VILA DAINESE-AMERICANA-SP -13469470 ",173.00,90
Cliente Ficticio 4369,"AV PRES JUSCELINO KUBITSCHEK,6701,BLOCO  47 APT 13-VILA INDUSTRIAL-SAO JOSE DOS CAMPOS-SP -12220000 ",191.79,92
Cliente Ficticio 4370,"R CIDADE DE JANDIRA,    30, CASA 6-TABOAO-SAO BERNARDO DO CAMPO-SP -09668110 ",180.99,92
Cliente Ficticio 4386,"R JOSE VALERIO FILHO, QD 2, - 30-N.HABIT. JOSE REGINO-BAURU-SP -17031728 ",578.47,14
Cliente Ficticio 4387,"R JOAQUIM GONCALVES,   133-JARDIM RODEIO-MOGI DAS CRUZES-SP -08775320 ",190.28,14
Cliente Ficticio 4388,"LRG N SRA DA CONCEICAO,    65, CASA 1-CAMBUCI-SAO PAULO-SP -01528060 ",226.10,16
Cliente Ficticio 4389,"R ALENCAR ARARIPE,   823-SACOMA-SAO PAULO-SP -04253000 ",179.39,16
Cliente Ficticio 4390,"R ADRIATICO,   151, BL 10, APT 92-JARDIM DO ESTADIO-SANTO ANDRE-SP -09172180 ",257.78,18
Cliente Ficticio 4391,"AV ITAVUVU,410-VILA OLIMPIA-SOROCABA-SP -18075042 ",113.47,18
Cliente Ficticio 4392,"TV ALFREDO XIMENES,     9, APT 14-JOSE MENINO-SANTOS-SP -11065615 ",239.45,20
Cliente Ficticio 4393,"AV ARYOSVALDO PEREIRA CINTRA,504,COND ARTE VIDA,ED RECHELIEU-GRUTA DE LOURDES-MACEIO-AL -57052580 ",309.19,20
Cliente Ficticio 4394,"R PEDRO MOURA,59,CASA-CACHOEIRINHA-BELO HORIZONTE-MG -31130160 ",267.33,22
Cliente Ficticio 4395,"AV CASSIANO RICARDO,   133, APT 21-PRQ RES AQUARIUS-SAO JOSE DOS CAMPOS-SP -12246870 ",272.47,22
Cliente Ficticio 4396,"R MARIA HELENA,    48-VILA ENGENHO NOVO-BARUERI-SP -06415100 ",67.92,24
Cliente Ficticio 4397,"R LEOPOLDO BIAN,   263, APT 701-CONJUNTO CALIFORNIA-BELO HORIZONTE-MG -30855340 ",136.91,24
Cliente Ficticio 4398,"R BENTO LOYOLA,    70, TOR BROMÉLIA, APT 2201-CASA AMARELA-RECIFE-PE -52051340 ",251.59,26
Cliente Ficticio 4399,"R LORENZO MASSA,   208, CASA 01-CIDADE SAO MATEUS-SAO PAULO-SP -03966050 ",238.70,26
Cliente Ficticio 4400,"R PREF JOSE DE MELO FRANCO,677,CS 2-JARDIM UNIVERSO-MOGI DAS CRUZES-SP -08740540 ",107.26,28
Cliente Ficticio 4401,"R LUIS DE FARIAS BARBOSA,   364, ED BOA VIAGEM, APT 1601-BOA VIAGEM-RECIFE-PE -51020110 ",214.44,28
Cliente Ficticio 4403,"NORTE, RUA 04, LT 06, APT 607-NORTE (AGUAS CLARAS)-BRASILIA-DF -71907540 ",152.71,30
Cliente Ficticio 4405,"R ANTONIO CANTARELLA,160,CASA 2-VILA SANTO ESTEFANO-SAO PAULO-SP -04153060 ",209.06,32
Cliente Ficticio 4406,"R ALTAIR LEITE DE CAMPOS., QD 6, - 32-JARDIM DONA LILI-BAURU-SP -17032510 ",162.62,34
Cliente Ficticio 4407,"R GUAICURUS,  1325-AGUA BRANCA-SAO PAULO-SP -05033002 ",35.72,34
Cliente Ficticio 4435,"R SILVA JARDIM,  1028, CASA TERREO-CENTRO-FLORIANOPOLIS-SC -88020200 ",73.91,14
Cliente Ficticio 4436,"R PEDRO ROSSI,   139, CASA 01-VILA MUNICIPAL-BRAGANCA PAULISTA-SP -12912090 ",104.22,14
Cliente Ficticio 4437,"R JOSE SOARES DE OLIVEIRA,   285, CASA 9-BARONESA-OSASCO-SP -06263092 ",181.60,16
Cliente Ficticio 4439,"R MACEDO BRAGA,   210, CASA 2-ABOLICAO-RIO DE JANEIRO-RJ -20755180 ",243.67,18
Cliente Ficticio 4440,"TV EDUARDO OCON RIVAS,     5, CASA 2-VILA ORATORIO-SAO PAULO-SP -03189011 ",301.14,18
Cliente Ficticio 4441,"RUA 11, CASA 10-METROPOLITANA-BRASILIA-DF -71730000 ",313.65,20
Cliente Ficticio 4442,"R ALFREDO RITZMANN,    52-GLORIA-JOINVILLE-SC -89217038 ",174.28,20
Cliente Ficticio 4443,"R JORGE EDUARDO MARTINS,   127-JARDIM COMENDADOR CARDOSO-BRAGANCA PAULISTA-SP -12912470 ",19.41,22
Cliente Ficticio 4444,"R SUICA,    81-JD NACOES-TAUBATE-SP -12030400 ",34.53,22
Cliente Ficticio 4446,"R REV ISRAEL VIEIRA FERREIRA,   561-VILA MEDEIROS-SAO PAULO-SP -02215000 ",140.82,20
Cliente Ficticio 4497,"R LUIS SAIA,   222-JARDIM ARPOADOR-SAO PAULO-SP -05566030 ",275.44,14
Cliente Ficticio 4498,"R DOS PATRIOTAS,   618, APT 32-IPIRANGA-SAO PAULO-SP -04207030 ",153.17,14
Cliente Ficticio 4500,"R DOZE DE OUTUBRO,    32-PARQUE SANTA TERESA-CARAPICUIBA-SP -06341190 ",152.98,16
Cliente Ficticio 4501,"R CEL JOVINIANO BRANDAO,173,BL B AP 16-VILA PRUDENTE-SAO PAULO-SP -03127175 ",173.69,18
Cliente Ficticio 4502,"R RIO TOCANTINS,1357,AP 01-RESIDENCIAL AMAZONAS-FRANCA-SP -14406016 ",183.33,18
Cliente Ficticio 4503,"R OLIMPIO PORTUGAL,    41, APT 07-MOOCA-SAO PAULO-SP -03112010 ",305.67,20
Cliente Ficticio 4504,"AV PINHEIRO MACHADO,   957, BL SEM NOME, APT 26-POMPEIA-SANTOS-SP -11065415 ",309.20,20
Cliente Ficticio 4505,"R STA HELENA,   230, CASA 3-CANHEMA-DIADEMA-SP -09941290 ",154.78,22
Cliente Ficticio 4506,"R ACACIO,    85-CAMPANARIO-DIADEMA-SP -09931070 ",193.25,22
Cliente Ficticio 4507,"R DR GOMES FILHO,   113-RETIRO-VOLTA REDONDA-RJ -27275090 ",135.35,24
Cliente Ficticio 4508,"R ITAMARACA,563-ITAGUACU-APARECIDA-SP -12570000 ",258.74,24
Cliente Ficticio 4509,"R VOLTA REDONDA,   342-NOVO SANTA CECILIA (BARREIRO)-BELO HORIZONTE-MG -30626640 ",239.13,26
Cliente Ficticio 4511,"AV CONCEICAO,  3477, / A-JARDIM JAPAO-SAO PAULO-SP -02135001 ",228.84,28
Cliente Ficticio 4534,"AV JOSE CLETO,   200, LJ 05-PALMARES-BELO HORIZONTE-MG -31160470 ",354.73,14
Cliente Ficticio 4535,"R MARILI,   113-VILA GUILHERME-SAO PAULO-SP -02071070 ",167.66,14
Cliente Ficticio 4536,"R FRITZ JACOBS,  3430-SANTOS DUMONT-SAO JOSE DO RIO PRETO-SP -15020030 ",306.58,16
Cliente Ficticio 4537,"R VOTORANTIM,   100, BL A, APT 35-VILA NOVA-CAMPINAS-SP -13073090 ",261.46,16
Cliente Ficticio 4538,"R LONDRINA,   392-VILA LONDRINA-SAO PAULO-SP -03731060 ",216.70,18
Cliente Ficticio 4539,"R VICTORIO VIZINONI,   151-CAPAO DA IMBUIA-CURITIBA-PR -82800380 ",420.76,18
Cliente Ficticio 4540,"R FELIPE DOS SANTOS,   178, APT 201-LOURDES-BELO HORIZONTE-MG -30180160 ",497.84,20
Cliente Ficticio 4541,"AV SARA ZIRLIS,   134, BL 3, APT 31, SALA - C-VILA LUTECIA-SANTO ANDRE-SP -09130220 ",104.19,20
Cliente Ficticio 4542,"R POEMA DOS OLHOS,   516, CASA 01-JD S JORGE (R TAVARES)-SAO PAULO-SP -05567040 ",227.71,22
Cliente Ficticio 4543,"R PRF RUBENS GUELLI,   455-JARDIM GUANABARA-BELO HORIZONTE-MG -31742227 ",237.57,22
Cliente Ficticio 4544,"R ENRICO ROSSI,130,CASA 6-VILA DAS BELEZAS-SAO PAULO-SP -05841140 ",104.78,24
Cliente Ficticio 4545,"R DOS ESTADOS,   601, APT 103-JARDIM ATLANTICO-BELO HORIZONTE-MG -31560030 ",422.01,24
Cliente Ficticio 4547,"SQS, QD 213, BL J, APT 308-ASA SUL-BRASILIA-DF -70292100 ",184.39,26
Cliente Ficticio 4548,"R ELIZABETH BARBEGIAN BALDINATO,   130, APT 131-VILA SUZANA-SAO PAULO-SP -05630070 ",271.28,28
Cliente Ficticio 4549,"R MQ DO RECIFE,   719-JARDIM TIJUCA-CAMPO GRANDE-MS -79094080 ",189.01,28
Cliente Ficticio 4550,"R PAULO PIRES,   133, LT 3, BL 12, APT 202-TOMAS COELHO-RIO DE JANEIRO-RJ -20750330 ",146.09,30
Cliente Ficticio 4551,"R EUSTAQUIO ORMAZABAL,  2966, APT 103-NOVA ESPERANCA-URUGUAIANA-RS -97503250 ",133.13,30
Cliente Ficticio 4552,"R ARATICUM,560,CASA 4-ANIL-RIO DE JANEIRO-RJ -22753500 ",184.48,32
Cliente Ficticio 4553,"R ASSUNCAO,   535, APT 1201-SION-BELO HORIZONTE-MG -30320020 ",523.78,32
Cliente Ficticio 4554,"R DOS MIOSOTIS,   101-PIRAPORINHA-DIADEMA-SP -09950520 ",157.83,34
Cliente Ficticio 4555,"R SETENTA E QUATRO,    76-JD COMERCIARIOS (V NOVA)-BELO HORIZONTE-MG -31652040 ",352.00,34
Cliente Ficticio 4556,"R CNSO LAFAIETE,    32, APT 802-COPACABANA-RIO DE JANEIRO-RJ -22081020 ",248.90,36
Cliente Ficticio 4557,"R MARIA LUNARDI GAGGIOLI,    70, FD-JARDIM SAO PEDRO-MOGI DAS CRUZES-SP -08830070 ",151.31,36
Cliente Ficticio 4558,"R TOMAZ PAULINO DE ALMEIDA,   113-VILA HEBE-SAO PAULO-SP -02765120 ",291.39,38
Cliente Ficticio 4559,"R HUMBERTO LUIZ MINERVINO,  2711-PARQUE MUNDO NOVO-FRANCA-SP -14404002 ",179.25,38
Cliente Ficticio 4677,"AV ALPHAVILLE,72,ED JERIBÁ, APT 1402-ALPHAVILLE I-SALVADOR-BA -41701015 ",136.16,14
Cliente Ficticio 4678,"R COSTA BARROS,  2363, BL 4 - BEM TE VI, APT 52-SITIO PINHEIRINHO-SAO PAULO-SP -03210001 ",189.25,14
Cliente Ficticio 4679,"R 26,10,NUCLEO 03-CIDADE NOVA-MANAUS-AM -69094260 ",191.51,16
Cliente Ficticio 4680,"R PONTES GESTAL,   120-CJ HAB BRG F LIMA-SAO PAULO-SP -04840650 ",138.67,16
Cliente Ficticio 4681,"R JOSE ESTEVES,    40, CASA 2-VILA DONA SARA-SAO PAULO-SP -03471060 ",29.48,18
Cliente Ficticio 4683,"R GOITACAZES,   374, BL 2, APT 131-CENTRO-SAO CAETANO DO SUL-SP -09510300 ",294.59,20
Cliente Ficticio 4684,"R I,1622,RUA ETELVINO GOMES DE OLIVEIRA-JARDIM GERIVA-SANTA BARBARA D OESTE-SP -13456361 ",154.25,20
